year,province,district,lat,lon,children,teen,young_adult,adult,senior,Total
2007,NWFP,Abbottabad,34.1495,73.1995,234981.433,147384.334,143817.732,235164.357,26294.94,787642.796
2009,NWFP,Abbottabad,34.1495,73.1995,274921.969,152619.275,155123.761,240864.161,26168.162,849697.328
2011,NWFP,Abbottabad,34.1495,73.1995,304540.854,165922.82,161205.1,269074.34,35978.596,936721.71
2013,NWFP,Abbottabad,34.1495,73.1995,264033.3502,145356.1336,169688.6393,239808.0618,20537.3904,839423.5753
2015,NWFP,Abbottabad,34.1495,73.1995,314594.69,158371.91,176882.6,295665.76,53026.79,998541.75
2011,Punjab,Attock,33.7681,72.3607,358247.072,206685.146,249561.612,390409.857,45917.08,1250820.767
2007,Punjab,Attock,33.7681,72.3607,335013.39,186612.381,227671.579,364828.775,35536.296,1149662.421
2009,Punjab,Attock,33.7681,72.3607,367642.162,215534.054,223930.089,369497.438,54404.6,1231008.343
2015,Punjab,Attock,33.7681,72.3607,352763.44,195440.33,228527.83,422131.01,64213.57,1263076.18
2013,Punjab,Attock,33.7681,72.3607,378877.4693,228240.8818,267836.5046,429479.4455,68350.4732,1372784.774
2007,Balochistan,Awaran,26.4749,65.2679,26442.288,12203.254,15291.856,23478.853,1436.99,78853.241
2009,Balochistan,Awaran,26.4749,65.2679,44551.773,19312.089,15788.013,36058.234,1289.009,116999.118
2011,Balochistan,Awaran,26.4749,65.2679,43265.67,13175.518,18716.577,38144.641,2808.443,116110.849
2013,Balochistan,Awaran,26.4749,65.2679,52856.552,27578.6823,21896.6832,41992.4667,3090.8873,147415.2715
2015,Balochistan,Awaran,26.4749,65.2679,108659.64,47927.09,59769.89,81365.67,7160.93,304883.22
2013,Sindh,Badin,24.6557,68.8372,450560.6262,171669.49,219404.836,316153.0058,42890.577,1200678.535
2007,Sindh,Badin,24.6557,68.8372,566257.932,196696.252,265825.003,333716.409,24237.059,1386732.655
2009,Sindh,Badin,24.6557,68.8372,513774.867,202229.97,215465.212,342453.739,14336.873,1288260.661
2011,Sindh,Badin,24.6557,68.8372,452576.913,158632.951,183559.17,307184.179,28098.293,1130051.506
2015,Sindh,Badin,24.6557,68.8372,519341.79,202269.78,223562.04,385143.61,34441.44,1364758.66
2007,Punjab,Bahawalnagar,30.0025,73.2412,809617.878,351512.566,364683.257,583029.144,92595.651,2201438.496
2011,Punjab,Bahawalnagar,30.0025,73.2412,799538.786,359487.567,383751.763,629241.368,83175.131,2255194.615
2015,Punjab,Bahawalnagar,30.0025,73.2412,871183.7,400594.26,475695.18,694643.71,76682.21,2518799.06
2009,Punjab,Bahawalnagar,30.0025,73.2412,840188.942,364047.206,417082.11,595501.656,95094.22,2311914.134
2013,Punjab,Bahawalnagar,30.0025,73.2412,794645.1185,333218.7633,402982.8209,620339.8189,88722.9667,2239909.488
2007,Punjab,Bahawalpur,29.39,71.675,965074.774,383707.614,472586.515,631465.444,70306.196,2523140.543
2009,Punjab,Bahawalpur,29.39,71.675,1110055.6,437830.779,510362.293,736857.409,68131.84,2863237.921
2011,Punjab,Bahawalpur,29.39,71.675,994458.901,425249.893,521369.434,746131.896,88536.223,2775746.347
2013,Punjab,Bahawalpur,29.39,71.675,1012676.173,405038.51,510274.6466,699759.8619,86604.6872,2714353.879
2015,Punjab,Bahawalpur,29.39,71.675,1228636.06,493053.88,619284.28,891241.74,95770.63,3327986.59
2007,NWFP,Bannu,32.989,70.5986,222638.812,74028.554,96410.649,125813.252,7726.501,526617.768
2009,NWFP,Bannu,32.989,70.5986,305448.88,96756.241,151438.07,182909.199,10452.054,747004.444
2011,NWFP,Bannu,32.989,70.5986,297869.248,140310.655,152197.923,196374.645,24374.86,811127.331
2013,NWFP,Bannu,32.989,70.5986,315528.8959,115137.9839,146919.5662,168461.6615,14717.2161,760765.3236
2015,NWFP,Bannu,32.989,70.5986,356641.26,158221.84,176358.26,217338.42,22739.09,931298.87
2007,Balochistan,Barkhan,29.8995,69.5246,45449.169,15412.98,13023.279,26390.186,448.536,100724.15
2009,Balochistan,Barkhan,29.8995,69.5246,38706.239,19986.995,16447.517,31467.828,492.615,107101.194
2011,Balochistan,Barkhan,29.8995,69.5246,35215.475,24375.814,16437.83,31036.86,241.388,107307.367
2013,Balochistan,Barkhan,29.8995,69.5246,58352.7078,13349.0428,10583.5879,29427.9164,69.2135,111782.4684
2015,Balochistan,Barkhan,29.8995,69.5246,46664.33,7301.65,10869.9,23537.65,91.5,88465.03
2011,NWFP,Batagram,34.6724,73.0243,134546.071,54284.752,48290.555,88682.498,8589.493,334393.369
2013,NWFP,Batagram,34.6724,73.0243,155563.9569,56681.0365,56040.3759,86662.9597,10971.385,365919.714
2015,NWFP,Batagram,34.6724,73.0243,194860.68,71754.43,64071.64,103924.38,14336.58,448947.71
2007,NWFP,Batagram,34.6724,73.0243,147853.607,50950.945,59730.999,77127.906,9359.642,345023.099
2009,NWFP,Batagram,34.6724,73.0243,157557.109,58654.44,50419.782,81944.185,8632.451,357207.967
2013,Punjab,Bhakkar,31.6333,71.0667,412336.3845,213545.5936,213867.6969,322837.2768,33011.7593,1195598.711
2011,Punjab,Bhakkar,31.6333,71.0667,426713.695,207187.196,215882.508,330057.746,45710.138,1225551.283
2007,Punjab,Bhakkar,31.6333,71.0667,476056.44,214882.998,193222.233,339060.48,19360.657,1242582.808
2009,Punjab,Bhakkar,31.6333,71.0667,389765.376,202787.202,219066.954,288760.428,24039.689,1124419.649
2015,Punjab,Bhakkar,31.6333,71.0667,470759.66,213542.97,263965.72,374829.91,46882.2,1369980.46
2011,Balochistan,BolanKachhi,29.2293,67.6662,113850.833,35099.623,41487.484,67591.674,2782.057,260811.671
2013,Balochistan,BolanKachhi,29.2293,67.6662,115915.8682,39944.7555,46632.5377,68906.7996,1390.4512,272790.4122
2015,Balochistan,BolanKachhi,29.2293,67.6662,81781.09,32285.03,31673.93,47658.48,3418.88,196817.41
2007,Balochistan,BolanKachhi,29.2293,67.6662,86515.043,35540.373,41686.269,57725.779,3605.906,225073.37
2009,Balochistan,BolanKachhi,29.2293,67.6662,112423.772,33767.258,41155.706,59528.107,2651.478,249526.321
2007,NWFP,Bonair,34.3943,72.6151,260899.105,95645.13,96347.758,118024.945,14267.597,585184.535
2009,NWFP,Bonair,34.3943,72.6151,230132.978,82263.741,84684.907,112530.261,12805.484,522417.371
2011,NWFP,Bonair,34.3943,72.6151,220652.091,77346.688,80131.894,112651.745,15626.284,506408.702
2013,NWFP,Bonair,34.3943,72.6151,187971.7785,84501.4689,87811.6639,110515.8962,17153.7651,487954.5726
2015,NWFP,Bonair,34.3943,72.6151,311748.41,115095.58,103980.92,174358.47,19765.38,724948.76
2015,Balochistan,Chagai,28.9804,62.4504,55263.33,23904.12,21343.61,35798.07,515.99,136825.12
2007,Balochistan,Chagai,28.9804,62.4504,38207.389,17366.345,15321.337,20968.902,486.495,92350.468
2009,Balochistan,Chagai,28.9804,62.4504,39646.802,15839.366,16812.446,24318.105,918.457,97535.176
2013,Balochistan,Chagai,28.9804,62.4504,48208.3108,17570.1217,19854.5793,28604.7812,1115.8759,115353.6689
2011,Balochistan,Chagai,28.9804,62.4504,54028.069,18101.349,17510.073,33525.335,1255.277,124420.103
2007,Punjab,Chakwal,32.9328,72.863,260487.778,152867.749,198097.765,326797.529,39290.104,977540.925
2009,Punjab,Chakwal,32.9328,72.863,293512.646,168050.461,170916.662,308409.264,60548.857,1001437.89
2011,Punjab,Chakwal,32.9328,72.863,282061.395,168515.215,206159.96,325289.546,67425.853,1049451.969
2013,Punjab,Chakwal,32.9328,72.863,267115.6216,160837.793,192307.0543,324233.1318,60468.2404,1004961.841
2015,Punjab,Chakwal,32.9328,72.863,271751.44,155706.74,173630.05,307648.96,57869.32,966606.51
2007,NWFP,Charsada,34.1682,71.7504,340865.828,154910.925,127252.975,226211.041,12526.227,861766.996
2009,NWFP,Charsada,34.1682,71.7504,364223.848,190567.327,173061.236,263034.077,23337.732,1014224.22
2011,NWFP,Charsada,34.1682,71.7504,385717.371,169267.658,176040.545,242054.457,30427.688,1003507.719
2013,NWFP,Charsada,34.1682,71.7504,366382.5732,169779.2126,174993.7703,265339.9099,29085.4905,1005580.957
2015,NWFP,Charsada,34.1682,71.7504,447644.55,206882.35,190901.23,301296.13,34468.05,1181192.31
2011,Punjab,Chiniot,31.72,72.98,279341.871,136709.971,169423.969,261268.957,41850.091,888594.859
2007,Punjab,Chiniot,31.72,72.98,279341.871,136709.971,169423.969,261268.957,41850.091,888594.859
2009,Punjab,Chiniot,31.72,72.98,279341.871,136709.971,169423.969,261268.957,41850.091,888594.859
2013,Punjab,Chiniot,31.72,72.98,308928.4054,146883.8384,156562.8383,296908.2706,47877.3021,957160.6548
2015,Punjab,Chiniot,31.72,72.98,380651.21,152154.1,160336.98,329403.63,37043.82,1059589.74
2007,NWFP,Chitral,35.7699,71.7741,110232.916,55960.465,60956.808,83877.791,6327.785,317355.765
2009,NWFP,Chitral,35.7699,71.7741,125952.177,62323.613,70041.121,97580.957,6487.636,362385.504
2011,NWFP,Chitral,35.7699,71.7741,110480.599,67775.471,62038.903,89118.003,7389.735,336802.711
2013,NWFP,Chitral,35.7699,71.7741,99147.8127,65289.4298,59378.9255,95545.4607,9812.0819,329173.7106
2015,NWFP,Chitral,35.7699,71.7741,126015.75,77786.55,76469.98,122607.08,11792.4,414671.76
2013,Punjab,D.G.Khan,30.0489,70.6455,794878.2552,263889.9985,276053.1202,483523.5614,54663.8854,1873008.821
2007,Punjab,D.G.Khan,30.0489,70.6455,641749.973,230182.618,234552.789,357573.38,21330.133,1485388.893
2009,Punjab,D.G.Khan,30.0489,70.6455,816205.796,292073.64,303060.204,445944.315,36048.698,1893332.653
2015,Punjab,D.G.Khan,30.0489,70.6455,785454.612,280420.016,254152.14,472831.813,62753.013,1855611.594
2011,Punjab,D.G.Khan,30.0489,70.6455,785454.612,280420.016,254152.14,472831.813,62753.013,1855611.594
2015,NWFP,D.I.Khan,31.8626,70.9019,450792.6,172746.81,212739.09,295898.94,29014.4,1161191.84
2007,NWFP,D.I.Khan,31.8626,70.9019,617050.005,290763.803,259656.474,357135.909,29915.496,1554521.687
2009,NWFP,D.I.Khan,31.8626,70.9019,443079.719,194821.977,226163.353,269742.616,17275.184,1151082.849
2011,NWFP,D.I.Khan,31.8626,70.9019,406089.764,181629.01,202691.329,287980.21,26986.395,1105376.708
2013,NWFP,D.I.Khan,31.8626,70.9019,417600.6531,202048.2916,221913.2717,297265.9796,30133.9503,1168962.146
2007,Sindh,Dadu,26.7341,67.7795,712151.783,264695.39,329177.716,445009.926,24673.822,1775708.637
2009,Sindh,Dadu,26.7341,67.7795,421627.258,157237.551,179580.772,259104.57,9294.686,1026844.837
2011,Sindh,Dadu,26.7341,67.7795,521060.773,171261.174,188598.32,317265.657,27145.83,1225331.754
2013,Sindh,Dadu,26.7341,67.7795,430220.0624,151736.4882,143107.7202,333443.013,25311.7187,1083819.003
2015,Sindh,Dadu,26.7341,67.7795,711964.66,214722.37,227523.45,508853.25,27397.45,1690461.18
2007,Balochistan,Dera_Bughti,29.0352,69.1596,39585.469,9734.085,14412.526,22083.053,1304.738,87119.871
2009,Balochistan,Dera_Bughti,29.0352,69.1596,66598.093,21541.028,27776.991,45622.704,321.339,161860.155
2011,Balochistan,Dera_Bughti,29.0352,69.1596,92914.645,28125.763,36481.722,71936.979,673.868,230132.977
2013,Balochistan,Dera_Bughti,29.0352,69.1596,57902.784,25756.0843,23367.2642,52342.043,1063.3319,160431.5074
2015,Balochistan,Dera_Bughti,29.0352,69.1596,101122.08,22407.99,27564.5,56222.33,4971.83,212288.73
2007,Punjab,Faisalabad,31.41,73.11,1702139.224,899396.84,1041025.322,1494616.923,218315.505,5355493.814
2009,Punjab,Faisalabad,31.41,73.11,1798182.618,971119.897,1063933.279,1671867.888,207022.034,5712125.716
2011,Punjab,Faisalabad,31.41,73.11,1632234.271,855916.462,928512.059,1533196.356,194286.595,5144145.743
2013,Punjab,Faisalabad,31.41,73.11,1673693.777,864896.8945,970806.5122,1638598.863,194996.6709,5342992.718
2015,Punjab,Faisalabad,31.41,73.11,1865418.07,996305.82,1001244.55,1844327.01,193158.88,5900454.33
2007,Sindh,Ghotki,28.0271,69.3235,568315.536,153986.173,197274.714,296804.66,11974.896,1228355.979
2009,Sindh,Ghotki,28.0271,69.3235,545419.946,196006.562,193714.684,306079.976,15949.193,1257170.361
2011,Sindh,Ghotki,28.0271,69.3235,483177.663,201784.384,219279.356,334630.401,22213.364,1261085.168
2013,Sindh,Ghotki,28.0271,69.3235,505307.5118,181850.99,212472.1293,312586.3685,24781.7519,1236998.752
2015,Sindh,Ghotki,28.0271,69.3235,708884.77,266473.31,286300.97,396730.11,27431.26,1685820.42
2007,Punjab,Gujranwala,32.1604,74.185,1133348.264,568756.081,625775.19,834336.911,96168.962,3258385.408
2009,Punjab,Gujranwala,32.1604,74.185,1017868.702,522811.958,561344.402,829935.126,75824.12,3007784.308
2011,Punjab,Gujranwala,32.1604,74.185,1073282.176,558300.3,655658.367,921209.464,116170.944,3324621.251
2013,Punjab,Gujranwala,32.1604,74.185,1100294.165,550494.5288,649272.6107,960651.219,123582.6544,3384295.178
2015,Punjab,Gujranwala,32.1604,74.185,1278677.63,716835.24,725005.21,1080892.21,131901.21,3933311.5
2007,Punjab,Gujrat,32.58,74.08,685581.618,372573.948,356426.247,568040.483,89587.697,2072209.993
2009,Punjab,Gujrat,32.58,74.08,653137.817,362600.87,384419.952,570943.245,83585.458,2054687.342
2011,Punjab,Gujrat,32.58,74.08,633526.154,366189.75,394892.557,589958.678,101395.518,2085962.657
2013,Punjab,Gujrat,32.58,74.08,702273.9822,304756.7214,411726.0023,616288.9362,105695.0036,2140740.646
2015,Punjab,Gujrat,32.58,74.08,732696.01,444947.95,396226.31,707435.83,121127.84,2402433.94
2013,Balochistan,Gwadar,31.41,62.3286,90724.0844,36416.3107,40603.1855,65028.7459,1945.9221,234718.2486
2007,Balochistan,Gwadar,31.41,62.3286,48882.279,12653.337,11912.51,31772.017,1183.931,106404.074
2009,Balochistan,Gwadar,31.41,62.3286,76555.063,33393.524,26076.793,51283.425,1332.71,188641.515
2011,Balochistan,Gwadar,31.41,62.3286,95842.092,21929.862,20180.709,53471.122,1492.52,192916.305
2015,Balochistan,Gwadar,31.41,62.3286,153086.31,33234.12,17341.02,81696.57,3355.91,288713.93
2013,Punjab,Hafizabad,32.0712,73.6895,285092.3008,138041.092,141439.1364,244794.1939,36063.373,845430.0961
2007,Punjab,Hafizabad,32.0712,73.6895,278099.319,132245.739,146292.434,222574.056,24081.575,803293.123
2009,Punjab,Hafizabad,32.0712,73.6895,291866.393,132422.359,148738.04,226808.732,30280.052,830115.576
2011,Punjab,Hafizabad,32.0712,73.6895,266369.948,127445.042,166964.749,225872.903,31830.523,818483.165
2015,Punjab,Hafizabad,32.0712,73.6895,299015.85,146253.96,172373.44,267305.62,33718.57,918667.44
2007,NWFP,Hangu,33.5223,71.0617,129997.616,58408.72,57552.055,65099.949,6599.078,317657.418
2009,NWFP,Hangu,33.5223,71.0617,124645.41,52682.964,39849.586,70054.009,5853.06,293085.029
2011,NWFP,Hangu,33.5223,71.0617,112513.868,51948.65,51063.03,65200.089,6790.42,287516.057
2013,NWFP,Hangu,33.5223,71.0617,100427.2593,51002.2983,43047.2553,59436.7926,6503.1549,260416.7604
2015,NWFP,Hangu,33.5223,71.0617,109305.02,51943.24,42577.67,74333.93,7393.27,285553.13
2007,NWFP,Haripur,33.9946,72.9106,219249.955,132642.201,120629.343,195237.675,28717.537,696476.711
2009,NWFP,Haripur,33.9946,72.9106,220621.518,128430.331,123375.494,208693.357,25856.305,706977.005
2011,NWFP,Haripur,33.9946,72.9106,217266.004,126743.328,145027.925,223277.562,29291.825,741606.644
2013,NWFP,Haripur,33.9946,72.9106,218444.4918,111176.2602,130749.9501,226026.4507,30050.4582,716447.611
2015,NWFP,Haripur,33.9946,72.9106,237628.72,108799.36,136655.21,224606.57,28212.94,735902.8
2007,Balochistan,Harnai,30.1044,67.9375,36520.999,18206.019,9691.805,23661.94,56.458,88137.221
2009,Balochistan,Harnai,30.1044,67.9375,42759.7016,11232.3192,16181.5476,19749.4833,959.608,90882.6597
2011,Balochistan,Harnai,30.1044,67.9375,36520.999,18206.019,9691.805,23661.94,56.458,88137.221
2013,Balochistan,Harnai,30.1044,67.9375,42759.7016,11232.3192,16181.5476,19749.4833,959.608,90882.6597
2015,Balochistan,Harnai,30.1044,67.9375,44535.33,16530.37,23310.29,29767.01,3108.09,117251.09
2007,Sindh,Hyderabad,25.396,68.3578,1212207.238,545827.787,621208.786,862163.782,49074.237,3290481.83
2009,Sindh,Hyderabad,25.396,68.3578,539358.686,305927.889,347409.475,490076.113,24987.944,1707760.107
2011,Sindh,Hyderabad,25.396,68.3578,461327.949,229937.453,265283.665,439892.846,27099.725,1423541.638
2013,Sindh,Hyderabad,25.396,68.3578,463355.0997,240405.5699,337939.863,436122.8297,46567.3251,1524390.687
2015,Sindh,Hyderabad,25.396,68.3578,756069.4,417130.73,472579.34,699844.1,55124.55,2400748.12
2007,Punjab,Islamabad,33.7,73.1666,225804.248,148574.413,167356.808,264838.478,23671.702,830245.649
2009,Punjab,Islamabad,33.7,73.1666,215492.947,136835.394,172563.015,253027.658,26164.957,804083.971
2011,Punjab,Islamabad,33.7,73.1666,189644.342,113196.817,167827.752,230986.455,26835.721,728491.087
2013,Punjab,Islamabad,33.7,73.1666,203278.5474,113100.0789,157493.5824,257239.2332,24449.3835,755560.8254
2015,Punjab,Islamabad,33.7,73.1666,343948.02,176002.06,266644.84,370156.95,36393.11,1193144.98
2011,Sindh,Jacobabad,28.2823,68.4472,341726.926,106597.779,122222.572,196417.317,10365.928,777330.522
2013,Sindh,Jacobabad,28.2823,68.4472,330798.7662,97325.1862,87617.0168,170002.7728,3315.4043,689059.1463
2007,Sindh,Jacobabad,28.2823,68.4472,760275.388,232517.51,274024.925,467292.954,16566.647,1750677.424
2009,Sindh,Jacobabad,28.2823,68.4472,369658.868,127194.999,157681.548,229861.001,10709.227,895105.643
2015,Sindh,Jacobabad,28.2823,68.4472,445464.95,144909.2,168554,269701.78,22350.2,1050980.13
2011,Balochistan,Jaffarabad,28.3009,68.1908,229677.934,66869.373,81360.621,127547.588,5514.224,510969.74
2007,Balochistan,Jaffarabad,28.3009,68.1908,203694.285,61465.756,76452.981,116470.824,3561.412,461645.258
2009,Balochistan,Jaffarabad,28.3009,68.1908,214014.303,54222.097,66355.895,109096.746,2907.559,446596.6
2013,Balochistan,Jaffarabad,28.3009,68.1908,224952.4472,64100.3137,60133.4202,125874.3697,1988.6018,477049.1526
2015,Balochistan,Jaffarabad,28.3009,68.1908,286621.73,71288.93,85095.68,139051.34,11807.06,593864.74
2007,Sindh,Jamshoro,25.4304,68.2809,206049.524,75036.197,85583.351,145963.741,6820.741,519453.554
2009,Sindh,Jamshoro,25.4304,68.2809,206049.524,75036.197,85583.351,145963.741,6820.741,519453.554
2011,Sindh,Jamshoro,25.4304,68.2809,208828.075,78710.985,91568.71,141031.053,8484.343,528623.166
2013,Sindh,Jamshoro,25.4304,68.2809,210343.1322,95367.1316,100388.6534,161455.6755,20632.8234,588187.4161
2015,Sindh,Jamshoro,25.4304,68.2809,254556.65,99113.77,122914.37,213915.28,18667.9,709167.97
2007,Balochistan,Jhal Magsi,28.2816,67.4576,51107.308,12972.823,18816.901,24579.673,1515.359,108992.064
2009,Balochistan,Jhal Magsi,28.2816,67.4576,36213.613,11504.086,15932.874,20912.991,1165.958,85729.522
2011,Balochistan,Jhal Magsi,28.2816,67.4576,49644.797,12055.516,13993.477,27858.509,1878.73,105431.029
2013,Balochistan,Jhal Magsi,28.2816,67.4576,44430.4534,14223.512,21580.4157,25681.4279,479.5484,106395.3574
2015,Balochistan,Jhal Magsi,28.2816,67.4576,78599.17,24503.87,33748.16,35178.31,1489.18,173518.69
2007,Punjab,Jhang,31.2781,72.3317,1044934.891,460911.003,496639.969,742383.883,101456.621,2846326.367
2009,Punjab,Jhang,31.2781,72.3317,1032899.95,448816.87,520866.482,781621.441,98200.407,2882405.15
2011,Punjab,Jhang,31.2781,72.3317,652256.044,290084.201,336443.105,524710.835,73359.529,1876853.714
2013,Punjab,Jhang,31.2781,72.3317,736618.5311,292278.1451,327288.3708,575325.9769,83036.7993,2014547.823
2015,Punjab,Jhang,31.2781,72.3317,802274.35,310755.4,389755.23,635877.79,93207.61,2231870.38
2007,Punjab,Jehlum,32.9425,73.7257,246777.822,167989.056,163636.089,282726.193,31847.311,892976.471
2009,Punjab,Jehlum,32.9425,73.7257,290249.66,162423.602,192072.731,307044.792,49056.473,1000847.258
2011,Punjab,Jehlum,32.9425,73.7257,277345.53,163452.132,201007.271,291195.738,51004.303,984004.974
2013,Punjab,Jehlum,32.9425,73.7257,271570.761,165202.3492,172978.2437,294896.8165,46722.7667,951370.9371
2015,Punjab,Jehlum,32.9425,73.7257,290158.11,137347.91,187527.09,317863.39,45619.13,978515.63
2007,Balochistan,Kalat,29.0523,66.5879,62604.082,20382.05,23724.629,37611.671,2569.613,146892.045
2009,Balochistan,Kalat,29.0523,66.5879,107575.399,29936.418,31161.056,55864.04,1809.916,226346.829
2011,Balochistan,Kalat,29.0523,66.5879,95509.394,39392.053,37933.855,68763.436,6123.131,247721.869
2013,Balochistan,Kalat,29.0523,66.5879,74286.9163,41768.4584,31646.9323,58057.798,4709.9541,210470.0591
2015,Balochistan,Kalat,29.0523,66.5879,86955.7,39037.6,50355.63,67706.63,4485.5,248541.06
2007,Sindh,Karachi,24.87,66.99,2766749.211,1633280.96,2063919.37,2807364.279,171733.822,9443047.642
2009,Sindh,Karachi,24.87,66.99,2348798.298,1428192.592,1745559.324,2789669.476,178289.814,8490509.504
2011,Sindh,Karachi,24.87,66.99,2379889.803,1534861.301,2173162.382,3159018.936,197480.42,9444412.842
2013,Sindh,Karachi,24.87,66.99,2391692.599,1443942.929,2095680.461,3252940.961,194328.9193,9378585.869
2015,Sindh,Karachi,24.87,66.99,3379233.68,1941353.97,2723133.82,4594615.47,321195.17,12959532.11
2011,NWFP,Karak,33.1105,71.0914,204911.233,92210.022,83042.996,113763.427,17070.881,510998.559
2013,NWFP,Karak,33.1105,71.0914,176836.0759,82601.5119,83649.1456,103913.9977,13206.4388,460207.1699
2015,NWFP,Karak,33.1105,71.0914,229967.51,106920.07,101077.37,138466.36,20329.71,596761.02
2007,NWFP,Karak,33.1105,71.0914,170459.912,75065.182,62517.577,90111.496,12839.514,410993.681
2009,NWFP,Karak,33.1105,71.0914,195549.572,85019.5,77158.624,97171.702,13881.596,468780.994
2007,Sindh,Kashmore,28.4482,69.5857,334238.322,118330.167,115158.513,217093.958,7020.126,791841.086
2009,Sindh,Kashmore,28.4482,69.5857,334238.322,118330.167,115158.513,217093.958,7020.126,791841.086
2011,Sindh,Kashmore,28.4482,69.5857,413822.281,125679.733,145493.567,231616.321,13969.005,930580.907
2013,Sindh,Kashmore,28.4482,69.5857,404124.3152,115641.595,129156.0922,227098.1913,14086.8247,890107.0184
2015,Sindh,Kashmore,28.4482,69.5857,464579.47,144411.97,171499.54,245895.41,26603.77,1052990.16
2007,Punjab,Kasur,31.1254,74.455,799990.183,364168.841,374675.436,509405.575,64530.717,2112770.752
2009,Punjab,Kasur,31.1254,74.455,872864.08,364408.987,387572.073,607749.757,57435.838,2290030.735
2011,Punjab,Kasur,31.1254,74.455,737273.635,403984.805,379357.955,603255.444,78822.465,2202694.304
2013,Punjab,Kasur,31.1254,74.455,787703.8861,387567.541,417341.118,603185.2573,96034.0821,2291831.885
2015,Punjab,Kasur,31.1254,74.455,945326.1,465923.18,514086.8,684768.09,91636.59,2701740.76
2007,Balochistan,KechTurbat,26.0081,63.0383,141196.268,39966.595,44888.216,86271.296,2592.437,314914.812
2009,Balochistan,KechTurbat,26.0081,63.0383,188146.299,63457.637,67759.78,124754.115,4214.244,448332.075
2011,Balochistan,KechTurbat,26.0081,63.0383,242372.192,57558.431,60707.69,132044.483,4232.178,496914.974
2015,Balochistan,KechTurbat,26.0081,63.0383,242372.192,57558.431,60707.69,132044.483,4232.178,496914.974
2013,Balochistan,KechTurbat,26.0081,63.0383,177643.3301,64711.7815,68263.6397,129050.8164,5513.3728,445182.9405
2007,Sindh,Khairpur,27.5256,68.7551,736026.112,228502.068,323585.113,417183.691,21817.876,1727114.86
2009,Sindh,Khairpur,27.5256,68.7551,709171.739,264161.336,273195.098,437003.916,30634.495,1714166.584
2011,Sindh,Khairpur,27.5256,68.7551,699874.224,231223.876,295768.957,446735.351,40910.101,1714512.509
2013,Sindh,Khairpur,27.5256,68.7551,690300.8971,249844.7741,311471.2931,436994.2164,46491.0986,1735102.279
2015,Sindh,Khairpur,27.5256,68.7551,913762.58,354958.6,347209.9,611333.2,52355.78,2279620.06
2007,Punjab,Khanewal,30.2864,71.932,746149.619,344977.271,360543.329,514291.173,63946.058,2029907.45
2009,Punjab,Khanewal,30.2864,71.932,739536.522,341058.235,400276.748,544630.115,64768.305,2090269.925
2011,Punjab,Khanewal,30.2864,71.932,707048.609,359914.895,380720.177,595566.234,70311.501,2113561.416
2013,Punjab,Khanewal,30.2864,71.932,724025.6438,348949.0884,406541.4254,592589.5267,74704.5396,2146810.224
2015,Punjab,Khanewal,30.2864,71.932,793290.58,413093.47,451845.86,696035.61,69875.72,2424141.24
2007,Balochistan,Kharan,28.5855,65.4163,32044.974,11138.498,15283.849,18000.394,490.298,76958.013
2009,Balochistan,Kharan,28.5855,65.4163,42086.159,13014.983,17569.692,23407.554,935.074,97013.462
2011,Balochistan,Kharan,28.5855,65.4163,41771.555,15042.93,13945.998,24593.871,986.127,96340.481
2013,Balochistan,Kharan,28.5855,65.4163,50090.4601,18942.2148,17720.2143,29674.0489,1511.9521,117938.8902
2015,Balochistan,Kharan,28.5855,65.4163,51137.06,20466.28,16491.16,29071.36,700.98,117866.84
2007,Punjab,Khushab,32.2955,72.3489,260405.024,140096.649,160118.85,253613.483,34622.82,848856.826
2009,Punjab,Khushab,32.2955,72.3489,276681.227,133844.722,149303.049,254641.925,30932.071,845402.994
2011,Punjab,Khushab,32.2955,72.3489,267120.073,151554.43,160831.187,266768.826,38736.435,885010.951
2013,Punjab,Khushab,32.2955,72.3489,246582.929,131200.1038,187336.2899,278190.857,37246.0497,880556.2294
2015,Punjab,Khushab,32.2955,72.3489,316405.73,163048.11,188530.7,316393.35,44140.01,1028517.9
2007,Balochistan,Khuzdar,27.8165,66.6057,139025.424,50690.15,60595.287,81973.89,4743.585,337028.336
2009,Balochistan,Khuzdar,27.8165,66.6057,262594.269,108688.633,100824.784,147668.567,2038.212,621814.465
2011,Balochistan,Khuzdar,27.8165,66.6057,205182.218,58723.771,60576.315,134430.05,8977.047,467889.401
2013,Balochistan,Khuzdar,27.8165,66.6057,172051.1107,92443.4533,49293.2781,138012.8448,9238.1599,461038.8468
2015,Balochistan,Khuzdar,27.8165,66.6057,222285.89,80745.96,99568.43,145913.59,10699.43,559213.3
2007,NWFP,Kohat,33.6027,71.4327,188527.094,95658.273,90166.561,125209.944,13272.236,512834.108
2009,NWFP,Kohat,33.6027,71.4327,235581.031,98706.118,93227.299,143631.36,11169.424,582315.232
2011,NWFP,Kohat,33.6027,71.4327,209380.868,104569.782,107451.15,146239.003,19668.779,587309.582
2013,NWFP,Kohat,33.6027,71.4327,202154.6783,107959.8508,102326.1697,152428.3946,21606.5468,586475.6402
2015,NWFP,Kohat,33.6027,71.4327,296702.64,138021.47,126657.54,224200.31,29267.55,814849.51
2007,NWFP,Kohistan,35.5035,73.1822,192415.02,60915.566,85881.651,105528.998,7750.609,452491.844
2009,NWFP,Kohistan,35.5035,73.1822,257136.063,102521.857,76036.906,154916.804,8815.685,599427.315
2011,NWFP,Kohistan,35.5035,73.1822,193215.961,52063.157,77029.101,113589.933,9768.124,445666.276
2013,NWFP,Kohistan,35.5035,73.1822,199054.0842,77517.8818,77008.0873,134188.8496,11865.9673,499634.8702
2015,NWFP,Kohistan,35.5035,73.1822,243125.13,75578.52,97562.92,147915.4,11127.21,575309.18
2007,Balochistan,Kohlu,29.8976,69.249,38435.955,12116.79,11554.405,24232.964,853.234,87193.348
2009,Balochistan,Kohlu,29.8976,69.249,23914.284,19848.56,20941.085,29225.544,366.612,94296.085
2011,Balochistan,Kohlu,29.8976,69.249,40962.666,9093.661,12991.118,33012.661,275.876,96335.982
2013,Balochistan,Kohlu,29.8976,69.249,68699.9367,13544.4506,13854.6838,42223.4938,45.2035,138367.7684
2015,Balochistan,Kohlu,29.8976,69.249,43250.18,9773.08,9593.73,29894.09,3803.93,96315.01
2007,Punjab,Lahore,31.56,74.35,1993070.382,1121360.164,1460121.245,1848025.933,177665.864,6600243.588
2009,Punjab,Lahore,31.56,74.35,1963792.896,1055834.499,1379633.73,1934763.768,147617.377,6481642.27
2011,Punjab,Lahore,31.56,74.35,1882655.417,991346.706,1368445.231,1857421.197,179967.197,6279835.748
2013,Punjab,Lahore,31.56,74.35,1759048.558,902817.8888,1278529.851,1804095.085,197977.6256,5942469.008
2015,Punjab,Lahore,31.56,74.35,2593002.16,1322638.73,1981589.36,2739256.86,277694.94,8914182.05
2007,NWFP,Lakki Marwat,32.6135,70.9012,197046.452,74858.389,81451.616,109308.288,8503.435,471168.18
2009,NWFP,Lakki Marwat,32.6135,70.9012,191716.01,75735.184,104238.328,116734.311,10510.739,498934.572
2011,NWFP,Lakki Marwat,32.6135,70.9012,196068.186,92350.529,93901.858,128833.084,11721.335,522874.992
2013,NWFP,Lakki Marwat,32.6135,70.9012,218840.03,95529.7501,100605.6799,138782.9387,13564.4673,567322.866
2015,NWFP,Lakki Marwat,32.6135,70.9012,230229.9,104499.56,114330.41,145911.36,22265.86,617237.09
2007,Sindh,Larkana,27.5618,68.2068,434947.49,168732.416,188633.309,256848.192,15794.071,1064955.478
2009,Sindh,Larkana,27.5618,68.2068,474615.138,194286.659,206172.93,276276.915,23993.966,1175345.608
2011,Sindh,Larkana,27.5618,68.2068,403815.908,179769.927,170675.646,252113.009,20934.869,1027309.359
2013,Sindh,Larkana,27.5618,68.2068,380565.8571,170688.4295,195684.8336,256603.9904,24767.5572,1028310.668
2015,Sindh,Larkana,27.5618,68.2068,554519.45,255274.18,249328.37,366885.47,35152.73,1461160.2
2015,Balochistan,Lasbela,25.87,66.7129,101489.72,53058.22,64072.51,103948.04,5092.49,327660.98
2013,Balochistan,Lasbela,25.87,66.7129,102561.4758,53491.5683,57732.1855,87081.5617,5077.9946,305944.7859
2007,Balochistan,Lasbela,25.87,66.7129,101578.737,49591.162,52581.362,67645.534,3330.526,274727.321
2009,Balochistan,Lasbela,25.87,66.7129,78262.823,42538.022,67539.061,102226.885,5696.709,296263.5
2011,Balochistan,Lasbela,25.87,66.7129,131758.031,62616.63,78868.105,107774.669,4328.895,385346.33
2009,Punjab,Layyah,30.9693,70.9428,438134.887,198537.294,160028.538,296194.936,18683.22,1111578.875
2011,Punjab,Layyah,30.9693,70.9428,495782.165,191075.448,209711.289,318924.913,36316.065,1251809.88
2013,Punjab,Layyah,30.9693,70.9428,467019.7996,273035.7012,174806.0485,376016.6113,36102.2471,1326980.408
2015,Punjab,Layyah,30.9693,70.9428,543853.9,276490.72,292088.48,424463.78,59900.6,1596797.48
2007,Punjab,Layyah,30.9693,70.9428,420139.474,195631.926,176706.819,292357.075,21907.613,1106742.907
2007,Punjab,Lodhran,29.6869,71.6673,418858.146,156989.671,190474.345,260417.349,18389.638,1045129.149
2009,Punjab,Lodhran,29.6869,71.6673,377976.321,174761.994,209097.456,300891.998,29417.011,1092144.78
2011,Punjab,Lodhran,29.6869,71.6673,430741.325,196727.086,217640.054,319236.485,33282.095,1197627.045
2015,Punjab,Lodhran,29.6869,71.6673,522817.36,229322.89,257142.86,401677.52,35580.19,1446540.82
2013,Punjab,Lodhran,29.6869,71.6673,430142.1857,177185.1425,193641.006,313313.9443,32310.9487,1146593.227
2013,Balochistan,Loralai,30.3806,68.5963,48357.5381,23040.5771,42819.0252,57399.314,6853.6738,178470.1282
2015,Balochistan,Loralai,30.3806,68.5963,119364.74,37462.5,40683.32,93486.89,9847.39,300844.84
2007,Balochistan,Loralai,30.3806,68.5963,75547.991,32766.18,29045.355,49154.905,1414.283,187928.714
2009,Balochistan,Loralai,30.3806,68.5963,120380.952,52787.732,44039.117,71348.92,1545.659,290102.38
2011,Balochistan,Loralai,30.3806,68.5963,99940.777,33799.949,47237.025,59713.525,2998.924,243690.2
2007,NWFP,Lower Dir,34.9161,71.8097,375837.452,155047.144,160221.713,183796.759,13040.802,887943.87
2009,NWFP,Lower Dir,34.9161,71.8097,331696.108,142984.324,136617.022,170359.587,10594.146,792251.187
2011,NWFP,Lower Dir,34.9161,71.8097,293565.339,135481.97,138304.631,172843.296,15570.707,755765.943
2013,NWFP,Lower Dir,34.9161,71.8097,348573.5862,185936.0492,133805.9162,191982.3699,20670.053,880967.9745
2015,NWFP,Lower Dir,34.9161,71.8097,439647.22,214670.02,162352.41,254272.19,23766.44,1094708.28
2007,NWFP,Malakand,34.503,71.9046,174970.751,79107.719,86037.187,95156.835,7455.675,442728.167
2009,NWFP,Malakand,34.503,71.9046,162467.685,80992.068,84831.638,106100.192,7743.569,442135.152
2011,NWFP,Malakand,34.503,71.9046,139186.809,75441.202,78777.511,97177.675,9297.112,399880.309
2013,NWFP,Malakand,34.503,71.9046,152215.1911,76378.7774,76159.9191,106210.6285,12972.3252,423936.8413
2015,NWFP,Malakand,34.503,71.9046,197865.93,89585.11,92628.76,135509.61,10263.51,525852.92
2007,Punjab,Mandi Bahauddin,32.5742,73.4828,354684.946,176688.379,169369.277,295670.815,46032.236,1042445.653
2009,Punjab,Mandi Bahauddin,32.5742,73.4828,363575.948,203900.154,192270.232,349767.864,42764.06,1152278.258
2013,Punjab,Mandi Bahauddin,32.5742,73.4828,337560.8923,179658.3705,179129.7159,345198.3165,52285.2116,1093832.507
2015,Punjab,Mandi Bahauddin,32.5742,73.4828,394136.3,191914.08,193902.16,374224.21,59281.26,1213458.01
2007,Punjab,Mandi Bahauddin,32.5742,73.4828,346908.08,168036.234,177224.176,338698.886,53502.584,1084369.96
2007,NWFP,Mansehra,34.3418,73.1968,379116.298,175856.874,159001.16,264556.741,29496.554,1008027.627
2009,NWFP,Mansehra,34.3418,73.1968,446322.359,201652.826,185601.249,325080.115,40938.559,1199595.108
2015,NWFP,Mansehra,34.3418,73.1968,390702.83,169056.81,174343.03,284011.13,37972.61,1056086.41
2011,NWFP,Mansehra,34.3418,73.1968,403594.71,225058.147,200674.375,331293.227,40098.698,1200719.157
2013,NWFP,Mansehra,34.3418,73.1968,318736.7106,170327.9072,189983.5132,254037.9469,37775.4084,970861.4863
2007,NWFP,Mardan,34.2,72.04,580699.798,250870.589,238727.83,339007.011,26175.302,1435480.53
2009,NWFP,Mardan,34.2,72.04,520594.725,261300.903,277746.886,368043.454,29182.127,1456868.095
2011,NWFP,Mardan,34.2,72.04,523106.927,245832.644,261622.847,360652.441,51867.019,1443081.878
2013,NWFP,Mardan,34.2,72.04,487662.3943,229589.2736,247716.2968,365084.3564,43808.8206,1373861.142
2015,NWFP,Mardan,34.2,72.04,750282.6,305983.21,343693.64,478020.09,44703.91,1922683.45
2007,Balochistan,Mastung,29.8825,66.7844,33950.402,13358.765,15093.907,23878.359,540.483,86821.916
2009,Balochistan,Mastung,29.8825,66.7844,100498.923,28424.128,34176.815,57946.489,2807.897,223854.252
2011,Balochistan,Mastung,29.8825,66.7844,43766.272,18432.582,20379.78,40865.286,4698.189,128142.109
2013,Balochistan,Mastung,29.8825,66.7844,63635.048,26976.8229,21023.4735,41337.1741,4436.6973,157409.2158
2015,Balochistan,Mastung,29.8825,66.7844,55549.09,19121.42,23092.76,33879.88,1556.51,133199.66
2011,Sindh,Matiari,25.7519,68.477,160732.698,68739.218,74284.027,131716.392,14595.705,450068.04
2009,Sindh,Matiari,25.7519,68.477,226833.222,91240.581,92146.529,153844.016,5904.527,569968.875
2015,Sindh,Matiari,25.7519,68.477,246620.17,104517.91,134808.43,190727.58,14086.54,690760.63
2007,Sindh,Matiari,25.7519,68.477,246620.17,104517.91,134808.43,190727.58,14086.54,690760.63
2013,Sindh,Matiari,25.7519,68.477,189241.7442,80475.1616,95227.8945,148278.3365,16558.5865,529781.7233
2013,Punjab,Mianwali,32.5839,71.537,300107.8252,159247.1117,170286.8782,245261.8553,32991.5602,907895.2306
2007,Punjab,Mianwali,32.5839,71.537,265071.896,143088.96,130070.995,231098.983,22760.449,792091.283
2009,Punjab,Mianwali,32.5839,71.537,298597.013,164558.775,161304.959,254373.756,30335.512,909170.015
2011,Punjab,Mianwali,32.5839,71.537,342879.106,193677.265,198680.366,291427.015,49767.819,1076431.571
2015,Punjab,Mianwali,32.5839,71.537,353776.14,172950.58,191989.25,306232.38,43633.01,1068581.36
2011,Sindh,Mirpurkhas,25.5318,69.0118,360194.395,146555.773,148043.394,237670.386,11823.968,904287.916
2013,Sindh,Mirpurkhas,25.5318,69.0118,414786.4221,148572.3123,184399.2061,264546.8111,13357.2947,1025662.046
2007,Sindh,Mirpurkhas,25.5318,69.0118,504908.34,187078.15,236278.34,324920.63,22524.25,1275709.71
2009,Sindh,Mirpurkhas,25.5318,69.0118,596828.442,191548.54,213922.541,377948.933,15029.792,1395278.248
2015,Sindh,Mirpurkhas,25.5318,69.0118,643891.857,241606.421,240423.939,465942.752,16296.397,1608161.366
2007,Punjab,Multan,30.2,71.455,1018700.559,472959.092,539674.471,733196.764,69115.899,2833646.785
2009,Punjab,Multan,30.2,71.455,1018658.774,505947.959,575616.437,775828.148,65945.75,2941997.068
2011,Punjab,Multan,30.2,71.455,993837.984,463099.286,563613.155,808885.632,75098.041,2904534.098
2013,Punjab,Multan,30.2,71.455,1035091.713,486772.8556,572622.2331,830304.9037,76186.4573,3000978.163
2015,Punjab,Multan,30.2,71.455,1234052.65,610484.36,713960.98,1115148.04,91296.07,3764942.1
2007,Balochistan,Musa Khel,32.6362,71.7415,23225.038,8148.701,7324.74,14153.382,79.622,52931.483
2009,Balochistan,Musa Khel,32.6362,71.7415,39037.615,11961.925,11743.799,23595.832,590.575,86929.746
2013,Balochistan,Musa Khel,32.6362,71.7415,16967.1463,7961.3402,22394.4448,25511.1027,3316.0347,76150.0687
2011,Balochistan,Musa Khel,32.6362,71.7415,48278.166,15676.53,14087.197,25338.879,777.452,104158.224
2015,Balochistan,Musa Khel,32.6362,71.7415,31751.88,8718.53,8667.28,22117.06,2692.75,73947.5
2009,Punjab,Muzaffargarh,30.0736,71.1805,1132014.94,453764.847,469115.162,642910.822,64796.547,2762602.318
2011,Punjab,Muzaffargarh,30.0736,71.1805,1056685.635,409785.097,398375.152,642445.672,54604.473,2561896.029
2013,Punjab,Muzaffargarh,30.0736,71.1805,978954.5904,330121.8285,427679.2512,597716.1881,55755.708,2390227.566
2007,Punjab,Muzaffargarh,30.0736,71.1805,1146101.818,439787.34,421940.669,632631.383,72659.025,2713120.235
2015,Punjab,Muzaffargarh,30.0736,71.1805,1516547.84,617731.2,643404.38,991433.74,118538.39,3887655.55
2007,Punjab,Nankana Sahib,31.4492,73.7125,458098.886,181530.979,211461.109,342769.087,28303.483,1222163.544
2009,Punjab,Nankana Sahib,31.4492,73.7125,458098.886,181530.979,211461.109,342769.087,28303.483,1222163.544
2011,Punjab,Nankana Sahib,31.4492,73.7125,407629.394,181442.386,204442.684,347992.725,53136.993,1194644.182
2013,Punjab,Nankana Sahib,31.4492,73.7125,360740.9425,157182.4487,210885.1673,307126.6053,54709.364,1090644.528
2015,Punjab,Nankana Sahib,31.4492,73.7125,361873.31,169232.21,201090.61,314841.73,40929.99,1087967.85
2007,Punjab,Narowal,32.1014,74.88,479627.563,199755.005,170485.143,292186.884,54553.31,1196607.905
2009,Punjab,Narowal,32.1014,74.88,533646.532,224582.413,213705.617,340342.988,52028.378,1364305.928
2011,Punjab,Narowal,32.1014,74.88,558442.183,242311.271,212914.229,341675.501,60081.296,1415424.48
2013,Punjab,Narowal,32.1014,74.88,541114.8321,198956.5111,210553.2165,304853.4773,63147.2039,1318625.241
2015,Punjab,Narowal,32.1014,74.88,591916.49,263796.23,256331.19,385943.32,71614.55,1569601.78
2007,Balochistan,Nasirabad,27.3793,67.9196,159787.44,36073.03,40191.45,79370.24,3110.94,318533.1
2009,Balochistan,Nasirabad,27.3793,67.9196,178326.965,45084.963,54744.92,98014.322,1021.244,377192.414
2011,Balochistan,Nasirabad,27.3793,67.9196,107640.128,36623.329,44649.301,64037.941,2058.56,255009.259
2013,Balochistan,Nasirabad,27.3793,67.9196,141337.1,43567.661,48494.136,75675.174,4007.451,313081.522
2015,Balochistan,Nasirabad,27.3793,67.9196,117527.3832,23535.6984,36217.82,61894.8101,1622.0694,240797.7811
2015,Sindh,Naushahro Feroze,26.8058,68.0478,487577.49,204503.05,187479.82,357924.29,23212.21,1260696.86
2007,Sindh,Naushahro Feroze,26.8058,68.0478,394930.491,172900.065,174312.611,237864.015,15529.927,995537.109
2009,Sindh,Naushahro Feroze,26.8058,68.0478,383902.89,128713.546,168836.576,223584.022,6223.918,911260.952
2011,Sindh,Naushahro Feroze,26.8058,68.0478,373646.525,171740.552,174942.887,264654.956,17480.014,1002464.934
2013,Sindh,Naushahro Feroze,26.8058,68.0478,405537.8396,169151.3111,173681.9278,284142.9868,22904.6026,1055418.668
2007,Sindh,Nawabshah,26.2447,68.3935,392045.383,140046.398,168768.725,225921.722,10305.903,937088.131
2009,Sindh,Nawabshah,26.2447,68.3935,448911.846,173605.508,180152.081,249539.504,4625.1,1056834.039
2015,Sindh,Nawabshah,26.2447,68.3935,448911.846,173605.508,180152.081,249539.504,4625.1,1056834.039
2013,Sindh,Nawabshah,26.2447,68.3935,357767.955,132210.452,161861.543,234728.717,16080.382,902649.049
2011,Sindh,Nawabshah,26.2447,68.3935,444068.4339,141713.4284,181211.5916,248527.5258,9045.4789,1024566.459
2013,NWFP,Nowshera,34.0105,71.9876,298413.0601,147707.4402,153864.4316,231864.488,27548.803,859398.2229
2007,NWFP,Nowshera,34.0105,71.9876,303784.716,135585.137,134894.285,208874.441,21272.769,804411.348
2009,NWFP,Nowshera,34.0105,71.9876,281934.698,141927.364,158656.9,218315.669,21525.338,822359.969
2011,NWFP,Nowshera,34.0105,71.9876,322716.393,158653.395,143127.336,222422.096,19357.651,866276.871
2015,NWFP,Nowshera,34.0105,71.9876,339503.82,159790.16,168768.43,269224.14,36925.28,974211.83
2013,Balochistan,Nushki,29.5514,66.0107,42617.6036,20485.504,18113.8011,27962.7886,640.124,109819.8213
2007,Balochistan,Nushki,29.5514,66.0107,49543.231,19004.881,17065.754,29377.172,726.189,115717.227
2011,Balochistan,Nushki,29.5514,66.0107,49543.231,19004.881,17065.754,29377.172,726.189,115717.227
2015,Balochistan,Nushki,29.5514,66.0107,56496.79,21937.49,21617.52,32204.59,362.64,132619.03
2009,Balochistan,Nushki,29.5514,66.0107,33846.976,16683.607,14629.95,21499.54,674.85,87334.923
2007,Punjab,Okara,30.8104,73.45,803634.91,303491.782,356202.432,541724.208,67733.642,2072786.974
2009,Punjab,Okara,30.8104,73.45,828340.324,364388.938,394022.284,594089.839,64670.021,2245511.406
2011,Punjab,Okara,30.8104,73.45,765460.465,316711.101,361589.751,553777.353,69084.41,2066623.08
2013,Punjab,Okara,30.8104,73.45,807777.2672,340231.4774,409275.1817,618162.5849,70520.714,2245967.225
2015,Punjab,Okara,30.8104,73.45,940609.96,368790.97,447242.41,707336.11,76224.77,2540204.22
2013,Punjab,Pakpattan,30.3573,73.3827,539315.4487,197356.5155,245694.3063,389141.6317,43282.9599,1414790.862
2007,Punjab,Pakpattan,30.3573,73.3827,451972.739,164977.276,236436.802,338088.084,47629.648,1239104.549
2009,Punjab,Pakpattan,30.3573,73.3827,497845.671,209721.182,225095.192,361695.706,45890.508,1340248.259
2011,Punjab,Pakpattan,30.3573,73.3827,501971.595,202864.845,260502.607,374856.734,44875.088,1385070.869
2015,Punjab,Pakpattan,30.3573,73.3827,541793.34,207481.78,262957.92,409702.68,44256.16,1466191.88
2011,Balochistan,Panjgur,26.7303,64.1478,143602.344,21302.387,26866.57,66923.177,1488.98,260183.458
2007,Balochistan,Panjgur,26.7303,64.1478,98952.67,33082.675,33640.845,54387.373,2959.509,223023.072
2009,Balochistan,Panjgur,26.7303,64.1478,74558.181,26132.715,27255.565,54922.873,901.934,183771.268
2007,NWFP,Peshawar,34.005,71.535,1049771.679,443229.986,436017.152,622757.523,47076.731,2598853.071
2009,NWFP,Peshawar,34.005,71.535,717656.569,357391.929,343047.79,522043.658,39907.04,1980046.986
2011,NWFP,Peshawar,34.005,71.535,774374.02,381727.458,399771.308,557532.977,48564.419,2161970.182
2013,NWFP,Peshawar,34.005,71.535,698820.6335,352726.2356,399556.1653,578120.0893,53207.3615,2082430.485
2015,NWFP,Peshawar,34.005,71.535,1043957.76,457462.12,485559.14,711853.95,66377,2765209.97
2011,Balochistan,Pishin,30.5897,67.0107,81039.449,37853.952,72818.299,64949.858,527.322,257188.88
2013,Balochistan,Pishin,30.5897,67.0107,159988.1566,71664.7096,81827.3185,94423.6572,5430.7008,413334.5427
2007,Balochistan,Pishin,30.5897,67.0107,174037.684,74013.985,96421.202,101194.014,8465.168,454132.053
2009,Balochistan,Pishin,30.5897,67.0107,139344.949,74661.528,100852.418,89522.957,8433.032,412814.884
2015,Balochistan,Pishin,30.5897,67.0107,145313.73,62225.91,70234.06,81058.4,9489.4,368321.5
2015,Balochistan,Qilla Abdullah,30.8055,66.7129,104497.51,28977.24,49155.67,69355.07,3203.77,255189.26
2007,Balochistan,Qilla Abdullah,30.8055,66.7129,200165.606,88162.001,90057.469,104983.868,10231.731,493600.675
2009,Balochistan,Qilla Abdullah,30.8055,66.7129,118657.015,65094.641,66066.126,70182.845,5189.208,325189.835
2013,Balochistan,Qilla Abdullah,30.8055,66.7129,196965.7462,81857.5243,76986.7472,90259.8003,2260.3014,448330.1194
2011,Balochistan,Qilla Abdullah,30.8055,66.7129,90459.888,46563.236,59254.987,70936.54,1481.068,268695.719
2013,Balochistan,Qilla Saifullah,30.7033,68.3697,70675.4802,18444.4027,12114.7856,36011.6336,113.9052,137360.2073
2011,Balochistan,Qilla Saifullah,30.7033,68.3697,41325.984,17190.143,13179.837,36156.531,1052.658,108905.153
2007,Balochistan,Qilla Saifullah,30.7033,68.3697,46778.286,14992.026,14668.342,25496.136,1089.724,103024.514
2015,Balochistan,Qilla Saifullah,30.7033,68.3697,46778.286,14992.026,14668.342,25496.136,1089.724,103024.514
2009,Balochistan,Qilla Saifullah,30.7033,68.3697,64316.318,21658.824,21081.578,35252.325,454.268,142763.313
2007,Balochistan,Quetta,30.22,67.025,344817.373,187099.659,171737.285,240895.231,12839.975,957389.523
2009,Balochistan,Quetta,30.22,67.025,277406.445,165165.862,154160.105,192761.462,13830.212,803324.086
2011,Balochistan,Quetta,30.22,67.025,272435.046,126810.632,163985.756,201032.956,4689.925,768954.315
2013,Balochistan,Quetta,30.22,67.025,251398.3356,132725.3427,150176.6838,193023.0098,10172.1975,737495.5694
2015,Balochistan,Quetta,30.22,67.025,596825.93,255581.33,266362.76,368969.52,29879.25,1517618.79
2009,Punjab,Rahim Yar Khan,28.4202,70.2952,1330159.233,514951.044,588586.027,787487.607,85202.684,3306386.595
2013,Punjab,Rahim Yar Khan,28.4202,70.2952,1316919.001,509011.0632,625364.1084,814301.0222,89675.5504,3355270.745
2015,Punjab,Rahim Yar Khan,28.4202,70.2952,2060884.9,826051.54,975107.02,1359476.12,131489.22,5353008.8
2007,Punjab,Rahim Yar Khan,28.4202,70.2952,1314227.273,483905.378,542613.135,760234.789,82120.936,3183101.511
2011,Punjab,Rahim Yar Khan,28.4202,70.2952,1256725.445,506861.847,566551.711,832143.982,82617.962,3244900.947
2007,Punjab,Rajanpur,29.1044,70.3301,605401.147,178978.879,219432.041,323968.967,23197.706,1350978.74
2009,Punjab,Rajanpur,29.1044,70.3301,637384.764,222515.491,214811.581,387321.823,21734.263,1483767.922
2011,Punjab,Rajanpur,29.1044,70.3301,534358.746,146134.91,128424.698,310859.554,26990.038,1146767.946
2013,Punjab,Rajanpur,29.1044,70.3301,492759.1602,178902.1076,153944.0806,300611.8282,38879.3436,1165096.52
2015,Punjab,Rajanpur,29.1044,70.3301,592263.51,223833.55,240348.7,393574.81,51914.56,1501935.13
2007,Punjab,Rawalpindi,33.6,73.04,1016723.441,664065.483,686144.742,1067031.496,102551.023,3536516.185
2009,Punjab,Rawalpindi,33.6,73.04,952981.184,570998.098,717453.999,1044569.982,116919.498,3402922.761
2011,Punjab,Rawalpindi,33.6,73.04,898728.789,503361.772,682704.842,968306.377,135885.761,3188987.541
2013,Punjab,Rawalpindi,33.6,73.04,961060.2563,498832.2461,661291.6359,1005373.424,132371.6092,3258929.172
2015,Punjab,Rawalpindi,33.6,73.04,1206906.42,696234.6,908542.04,1367495.99,189935.98,4369115.03
2007,Punjab,Sahiwal,30.6717,73.1118,616775.893,295519.969,348140.732,493404.259,69551.702,1823392.555
2009,Punjab,Sahiwal,30.6717,73.1118,614371.713,305246.257,337985.641,499347.163,57525.146,1814475.92
2011,Punjab,Sahiwal,30.6717,73.1118,646091.388,298504.095,345962.248,550613.768,72327.106,1913498.605
2013,Punjab,Sahiwal,30.6717,73.1118,625642.6797,266677.3303,340938.3908,546161.6152,66157.5237,1845577.54
2015,Punjab,Sahiwal,30.6717,73.1118,597313.89,270857.34,372919.96,512384.11,48836.81,1802312.11
2007,Sindh,Sanghar,26.0436,68.948,589161.67,180612.941,224431.432,293533.834,12896.626,1300636.503
2009,Sindh,Sanghar,26.0436,68.948,544848.564,211912.875,231273.772,300490.786,11970.481,1300496.478
2011,Sindh,Sanghar,26.0436,68.948,527545.339,210562.759,206554.294,337878.089,24654.412,1307194.893
2013,Sindh,Sanghar,26.0436,68.948,539552.0301,224031.5721,211618.9897,332619.8204,18767.2678,1326589.68
2015,Sindh,Sanghar,26.0436,68.948,619361.37,239149.63,276733.55,389211.14,17350.56,1541806.25
2007,Punjab,Sarghodha,32.0854,72.675,823926.218,375076.635,445268.337,703232.33,68514.531,2416018.051
2009,Punjab,Sarghodha,32.0854,72.675,772088.402,392182.241,458430.01,698693.53,100408.054,2421802.237
2013,Punjab,Sarghodha,32.0854,72.675,740185.1364,410165.403,473586.4516,732658.4537,91847.3014,2448442.746
2011,Punjab,Sarghodha,32.0854,72.675,767271.399,398911.294,477556.057,756506.112,102091.498,2502336.36
2015,Punjab,Sarghodha,32.0854,72.675,834037.49,398076.57,512904.45,835635.22,87667.56,2668321.29
2007,Sindh,Shahdadkot,27.8483,67.9106,446571.411,160421.529,182288.387,237525.44,13904.148,1040710.915
2009,Sindh,Shahdadkot,27.8483,67.9106,446571.411,160421.529,182288.387,237525.44,13904.148,1040710.915
2011,Sindh,Shahdadkot,27.8483,67.9106,405804.985,151987.195,158748.719,229570.076,19915.446,966026.421
2013,Sindh,Shahdadkot,27.8483,67.9106,416294.9158,163510.0342,152439.1775,254726.513,23329.4309,1010300.071
2015,Sindh,Shahdadkot,27.8483,67.9106,566366.08,182507.14,202190.58,309528.52,27928.64,1288520.96
2015,Sindh,Shaheed Benazirabad,26.2988,68.2385,525943.26,184100,234446.18,324375.76,19072.8,1287938
2007,NWFP,Shangla,34.8883,72.6003,218231.423,70843.006,94469.135,110489.223,7634.77,501667.557
2009,NWFP,Shangla,34.8883,72.6003,175407.704,53758.753,62589.034,107958.315,7720.417,407434.223
2011,NWFP,Shangla,34.8883,72.6003,198585.139,69086.036,70795.775,104451.995,9909.643,452828.588
2013,NWFP,Shangla,34.8883,72.6003,207526.9005,76599.4323,76284.255,109845.0106,12019.9035,482275.5019
2015,NWFP,Shangla,34.8883,72.6003,209695.73,76096.87,80882.86,121231.35,12668.95,500575.76
2009,Balochistan,Sheerani,31.6943,69.7644,65414.7734,9767.3913,28411.3507,12560.2739,3341.6808,119495.4701
2007,Balochistan,Sheerani,31.6943,69.7644,51201.9356,9956.5442,21859.9238,15734.2326,2573.5172,101326.1534
2013,Balochistan,Sheerani,31.6943,69.7644,36989.0978,10145.6971,15308.4969,18908.1913,1805.3536,83156.8367
2015,Balochistan,Sheerani,31.6943,69.7644,22776.26,10334.85,8757.07,22082.15,1037.19,64987.52
2011,Balochistan,Sheerani,31.6943,69.7644,31027.05,11142.141,7590.869,22554.332,428.268,72742.66
2013,Punjab,Sheikhupura,31.7167,73.985,626028.1787,324450.1129,374097.0781,535139.9502,71484.3939,1931199.714
2015,Punjab,Sheikhupura,31.7167,73.985,1068446.42,513380.67,619683.17,900467.71,111340.01,3213317.98
2009,Punjab,Sheikhupura,31.7167,73.985,670739.836,347026.682,353015.835,507341.432,57508.41,1935632.195
2011,Punjab,Sheikhupura,31.7167,73.985,663530.659,339526.072,349757.235,536688.844,75269.34,1964772.15
2007,Punjab,Sheikhupura,31.7167,73.985,1031283.645,510885.555,511659.898,750761.622,80423.717,2885014.437
2007,Sindh,Shikarpur,27.957,68.638,404374.854,132601.274,160867.801,227080.28,9902.34,934826.549
2009,Sindh,Shikarpur,27.957,68.638,453906.272,177924.436,191728.594,283411.724,9808.165,1116779.191
2011,Sindh,Shikarpur,27.957,68.638,410863.921,160116.314,156652.2,257756.537,20838.321,1006227.293
2015,Sindh,Shikarpur,27.957,68.638,480477.44,187848.39,205883.83,295418.85,25045.55,1194674.06
2013,Sindh,Shikarpur,27.957,68.638,416424.2925,152280.7238,156487.2777,262473.6182,24726.3627,1012392.275
2007,Punjab,Sialkot,32.4945,74.5229,920035.213,495852.624,478618.949,707660.323,100059.602,2702226.711
2009,Punjab,Sialkot,32.4945,74.5229,1036652.814,486283.805,539724.303,751486.296,127585.847,2941733.065
2011,Punjab,Sialkot,32.4945,74.5229,901373.298,470949.393,465515.442,709542.586,109506.733,2656887.452
2013,Punjab,Sialkot,32.4945,74.5229,1004351.215,451669.4204,566855.4866,764405.8418,113856.4826,2901138.446
2015,Punjab,Sialkot,32.4945,74.5229,1112622.47,521811.2,653566.31,932719.23,134296.6,3355015.81
2007,Balochistan,Sibbi,29.5532,67.8808,70893.079,31724.875,36934.069,45572.715,2020.026,187144.764
2009,Balochistan,Sibbi,29.5532,67.8808,68404.277,32194.147,38822.827,48705.045,2999.185,191125.481
2011,Balochistan,Sibbi,29.5532,67.8808,36846.467,20582.525,15498.961,37591.098,975.597,111494.648
2013,Balochistan,Sibbi,29.5532,67.8808,27316.8426,13946.9025,16760.9161,24211.0542,1105.2576,83340.973
2015,Balochistan,Sibbi,29.5532,67.8808,51027.15,20640.75,21142.41,30235.21,1618.9,124664.42
2007,Sindh,Sukkur,27.7136,68.8486,409272.533,142219.962,175674.255,250545.39,16483.709,994195.849
2009,Sindh,Sukkur,27.7136,68.8486,409258.707,157706.693,188356.724,265105.982,12767.206,1033195.312
2011,Sindh,Sukkur,27.7136,68.8486,364568.719,160544.561,185043.04,262308.651,20899.494,993364.465
2013,Sindh,Sukkur,27.7136,68.8486,383885.0765,166095.1377,174894.7055,272813.9626,22611.8791,1020300.761
2015,Sindh,Sukkur,27.7136,68.8486,448544.38,185327.23,228388.92,329422.56,26447.91,1218131
2007,NWFP,Swabi,34.1241,72.4613,357257.652,183629.261,160616.575,253122.561,29328.816,983954.865
2009,NWFP,Swabi,34.1241,72.4613,343018.155,150071.731,177734.066,252487.783,20046.149,943357.884
2011,NWFP,Swabi,34.1241,72.4613,334627.299,175470.067,162236.345,275455.026,38356.715,986145.452
2013,NWFP,Swabi,34.1241,72.4613,339065.9468,156033.3521,156880.9778,262497.4109,37111.6872,951589.3748
2015,NWFP,Swabi,34.1241,72.4613,375054.65,191624.27,193473.71,326321.65,27783.26,1114257.54
2007,NWFP,Swat,35.2227,72.4258,508917.733,223696.033,245411.519,288056.359,27827.045,1293908.689
2009,NWFP,Swat,35.2227,72.4258,569873.775,244369.823,279349.556,354453.213,39623.6,1487669.967
2011,NWFP,Swat,35.2227,72.4258,471503.409,244132.453,253857.936,300499.245,41209.935,1311202.978
2013,NWFP,Swat,35.2227,72.4258,516183.7392,246957.8933,252900.0204,309388.715,43398.5701,1368828.938
2015,NWFP,Swat,35.2227,72.4258,724310.73,301122.32,289611.87,464761.37,41550.82,1821357.11
2013,Punjab,T.T.Singh,30.9709,72.4826,570396.3322,267971.6551,331780.2964,511750.3071,78131.9024,1760030.493
2015,Punjab,T.T.Singh,30.9709,72.4826,531413.29,231143.61,298032.55,479723.72,84006.11,1624319.28
2011,Punjab,T.T.Singh,30.9709,72.4826,535657.295,286972.258,288981.871,422161.066,58892.745,1592665.235
2007,Punjab,T.T.Singh,30.9709,72.4826,539687.271,281319.778,281742.092,469478.919,74665.871,1646893.931
2009,Punjab,T.T.Singh,30.9709,72.4826,497081.159,282847.388,316867.614,475488.967,65721.195,1638006.323
2007,Sindh,Tando Allah Yar,25.4351,68.7632,214243.806,91550.946,87637.104,141779.756,6309.972,541521.584
2009,Sindh,Tando Allah Yar,25.4351,68.7632,214243.806,91550.946,87637.104,141779.756,6309.972,541521.584
2011,Sindh,Tando Allah Yar,25.4351,68.7632,168225.434,59916.899,85965.426,124609.542,6375.45,445092.751
2013,Sindh,Tando Allah Yar,25.4351,68.7632,187005.8788,77671.9635,92501.2903,129791.1733,11451.5218,498421.8277
2015,Sindh,Tando Allah Yar,25.4351,68.7632,265263.3,110083.02,145129.45,182871.44,13140.1,716487.31
2009,Sindh,Tando Mohammad Khan,25.1256,68.5426,195696.224,86696.029,84048.279,135562.938,4244.279,506247.749
2015,Sindh,Tando Mohammad Khan,25.1256,68.5426,250370.83,93299.41,110393.99,174523.67,14497.85,643085.75
2013,Sindh,Tando Mohammad Khan,25.1256,68.5426,160914.7405,73521.6981,83338.9807,123388.9738,15190.688,456355.0811
2007,Sindh,Tando Mohammad Khan,25.1256,68.5426,160914.7405,73521.6981,83338.9807,123388.9738,15190.688,456355.0811
2011,Sindh,Tando Mohammad Khan,25.1256,68.5426,146698.475,59299.018,69456.588,113486.666,8854.915,397795.662
2007,NWFP,Tank,32.2162,70.3896,92185.726,42638.131,41533.966,53503.705,4761.046,234622.574
2009,NWFP,Tank,32.2162,70.3896,88903.334,38394.706,40418.264,58213.828,4561.373,230491.505
2011,NWFP,Tank,32.2162,70.3896,101001.211,39993.121,43330.458,59883.394,5536.137,249744.321
2013,NWFP,Tank,32.2162,70.3896,101933.6561,39204.0854,39381.0511,62098.1597,5552.3542,248169.3065
2015,NWFP,Tank,32.2162,70.3896,146435.52,57483.88,64073.92,81310.6,8850.62,358154.54
2007,Sindh,Tharparkar,24.8777,70.2408,380532.171,123167.662,159486.026,242991.24,10534.777,916711.876
2009,Sindh,Tharparkar,24.8777,70.2408,353008.071,130910.917,129352.243,258890.635,10845.657,883007.523
2011,Sindh,Tharparkar,24.8777,70.2408,477580.88,143975.197,163924.71,265704.994,10822.222,1062008.003
2013,Sindh,Tharparkar,24.8777,70.2408,353342.5038,140672.263,148743.0292,256431.9957,32203.4009,931393.1926
2015,Sindh,Tharparkar,24.8777,70.2408,569967.54,204851.35,220546.37,378270.32,47148.87,1420784.45
2007,Sindh,Thatta,24.7475,67.9106,464766.105,195060.655,228934.004,338893.993,18282.599,1245937.356
2009,Sindh,Thatta,24.7475,67.9106,490919.046,226845.145,241699.11,394445.847,15410.207,1369319.355
2011,Sindh,Thatta,24.7475,67.9106,409902.311,200846.196,228879.606,328622.579,14385.429,1182636.121
2013,Sindh,Thatta,24.7475,67.9106,331555.3201,150199.855,209647.2195,313578.8874,13713.9465,1018695.229
2015,Sindh,Thatta,24.7475,67.9106,220353.86,97275.37,112636.93,208813.69,9146.43,648226.28
2011,Sindh,Umer kot,25.3549,69.7376,276096.675,120418.964,117084.329,196106.431,19174.682,728881.081
2009,Sindh,Umer kot,25.3549,69.7376,483654.608,132710.9944,193752.3254,248316.444,11344.3906,1069778.762
2007,Sindh,Umer kot,25.3549,69.7376,423977.644,124995.9622,172066.5377,232611.537,13532.3003,967183.9812
2015,Sindh,Umer kot,25.3549,69.7376,364300.68,117280.93,150380.75,216906.63,15720.21,864589.2
2013,Sindh,Umer kot,25.3549,69.7376,304623.716,109565.8978,128694.9623,201201.723,17908.1197,761994.4188
2007,NWFP,Upper Dir,35.3356,72.0468,337006.557,107532.121,107342.905,133600.043,9354.266,694835.892
2009,NWFP,Upper Dir,35.3356,72.0468,353213.294,152099.062,126516.644,155907.418,9325.58,797061.998
2011,NWFP,Upper Dir,35.3356,72.0468,279639.094,95893.369,102036.154,150083.943,8368.336,636020.896
2013,NWFP,Upper Dir,35.3356,72.0468,312594.154,123232.2196,119088.7239,149645.507,16384.4403,720945.0448
2015,NWFP,Upper Dir,35.3356,72.0468,395044.62,151549.19,128718.78,170722.64,15214.77,861250
2007,Punjab,Vehari,30.0442,72.3441,763180.753,339258.609,379980.3,534259.221,62880.234,2079559.117
2009,Punjab,Vehari,30.0442,72.3441,828243.58,355735.061,431882.812,601159.807,77715.035,2294736.295
2011,Punjab,Vehari,30.0442,72.3441,811810.384,399133.701,432443.214,604403.434,61257.348,2309048.081
2013,Punjab,Vehari,30.0442,72.3441,868583.8368,355336.8871,459202.0115,657923.6333,71832.8023,2412879.171
2015,Punjab,Vehari,30.0442,72.3441,898272.95,382860.72,506766.23,698583.48,85380.32,2571863.7
2007,Balochistan,Washuk,27.7179,64.8052,51310.304,15147.774,17066.098,31926.071,1617.23,117067.477
2009,Balochistan,Washuk,27.7179,64.8052,51310.304,15147.774,17066.098,31926.071,1617.23,117067.477
2011,Balochistan,Washuk,27.7179,64.8052,39187.867,11629.853,17197.207,29135.215,3228.074,100378.216
2013,Balochistan,Washuk,27.7179,64.8052,41345.5712,18372.9909,14692.6261,30905.5544,1216.9972,106533.7398
2015,Balochistan,Washuk,27.7179,64.8052,75782.86,26244.16,26648.73,45868.1,3917.91,178461.76
2007,Balochistan,Zhob,31.349,69.4386,93294.096,40163.715,27942.998,60835.195,4504.599,226740.603
2009,Balochistan,Zhob,31.349,69.4386,93689.734,39246.934,45655.099,59892.039,3018.463,241502.269
2011,Balochistan,Zhob,31.349,69.4386,71448.472,27383.909,21724.832,48419.866,2341.134,171318.213
2013,Balochistan,Zhob,31.349,69.4386,66499.0559,21825.5049,28678.3929,39995.3402,3747.9814,160746.2753
2015,Balochistan,Zhob,31.349,69.4386,117794.21,27638.97,23854.03,58163.26,183.07,227633.54
2007,Balochistan,Ziarat,30.3939,67.7169,18792.494,8468.659,12072.86,11834.194,1241.3,52409.507
2009,Balochistan,Ziarat,30.3939,67.7169,30373.146,19940.757,20170.4,25485.641,4480.268,100450.212
2011,Balochistan,Ziarat,30.3939,67.7169,17756.403,6369.535,10178.109,13144.206,141.832,47590.085
2013,Balochistan,Ziarat,30.3939,67.7169,14644.7485,6883.1704,7169.6216,9274.5976,230.388,38202.5261
2015,Balochistan,Ziarat,30.3939,67.7169,48258.33,16217.55,22699.49,23848.68,2156.69,113180.74
